Workbook

Sheet README
A1: AGILE INTERNSHIP MANAGEMENT — ROLLING 10-WEEK MODEL
A3: Mục đích | B3: Quản lý nhóm sinh viên thực tập bắt đầu không đồng thời; mỗi sinh viên làm một project riêng thuộc Software Development, Data Analytics, AI/ML Research hoặc Software Testing.
A4: Cách dùng nhanh | B4: 1) Nhập sinh viên ở sheet Students. 2) Chỉ cần nhập Start Date; các mốc 10 tuần tự tính. 3) Cập nhật Weekly Check-in. 4) Ghi Sprint Review khi đến mốc. 5) Theo dõi Dashboard để ưu tiên các trường hợp At Risk / Off Track.
A5: Quy ước màu chữ | B5: Xanh dương = người dùng nhập; đen = công thức; xám = giá trị tĩnh / hướng dẫn.
A6: Risk | B6: GREEN = On Track; YELLOW = cần chú ý; RED = chậm/blocked. Có thể nhập Manual Risk trong Students; nếu để trống, file dùng Auto Risk dựa trên milestone, blocker và số ngày từ lần cập nhật gần nhất.
A7: Timeline | B7: Week 1: Onboarding; Weeks 2–3: Sprint 1; Weeks 4–5: Sprint 2; Weeks 6–7: Sprint 3; Weeks 8–9: Sprint 4; Week 10: Final Review.
A8: Google Sheets | B8: File sử dụng các hàm phổ biến (IF, TODAY, COUNTIF, INDEX/MATCH, MAXIFS...) để dễ import lên Google Sheets. Một số chart/format có thể hiển thị hơi khác sau khi import.
A9: Lưu ý Agile | B9: Không dùng % complete làm chỉ số chính. Ưu tiên Sprint Goal → Increment/Evidence → Blocker → Risk → Next Milestone.

Sheet Dashboard
A1: AGILE INTERNSHIP DASHBOARD
A3: As of | B3: =TODAY() -> 46262
A5: Active Students | D5: GREEN | G5: YELLOW | J5: RED
A6: =COUNTIF(Students!$R$4:$R$203,"Active") -> 4 | D6: =COUNTIF(Students!$Q$4:$Q$203,"GREEN") -> 4 | G6: =COUNTIF(Students!$Q$4:$Q$203,"YELLOW") -> 0 | J6: =COUNTIF(Students!$Q$4:$Q$203,"RED") -> 0
A10: Student ID | B10: Student Name | C10: Track | D10: Week | E10: Stage | F10: Next Milestone | G10: Due Date | H10: Days Left | I10: Blockers | J10: Risk | K10: Last Check-in | L10: Status | M10: Project
A11: =IF(Students!A4="","",Students!A4) -> SAMPLE01 | B11: =IF(Students!A4="","",Students!B4) -> Nguyễn Văn A | C11: =IF(Students!A4="","",Students!C4) -> Software Development | D11: =IF(Students!A4="","",Students!G4) -> 2 | E11: =IF(Students!A4="","",Students!H4) -> Sprint 1 | F11: =IF(Students!A4="","",Students!I4) -> Sprint 1 Review | G11: =IF(Students!A4="","",Students!J4) -> 46272 | H11: =IF(Students!A4="","",Students!K4) -> 10 | I11: =IF(Students!A4="","",Students!N4) -> 0 | J11: =IF(Students!A4="","",Students!Q4) -> GREEN | K11: =IF(Students!A4="","",Students!L4) -> 46262 | L11: =IF(Students!A4="","",Students!R4) -> Active | M11: =IF(Students!A4="","",Students!D4) -> Web-based Internship Portal
A12: =IF(Students!A5="","",Students!A5) -> SAMPLE02 | B12: =IF(Students!A5="","",Students!B5) -> Trần Thị B | C12: =IF(Students!A5="","",Students!C5) -> AI/ML Research | D12: =IF(Students!A5="","",Students!G5) -> 0 | E12: =IF(Students!A5="","",Students!H5) -> Not Started | F12: =IF(Students!A5="","",Students!I5) -> Start | G12: =IF(Students!A5="","",Students!J5) -> 46265 | H12: =IF(Students!A5="","",Students!K5) -> 3 | I12: =IF(Students!A5="","",Students!N5) -> 1 | J12: =IF(Students!A5="","",Students!Q5) -> GREEN | K12: =IF(Students!A5="","",Students!L5) -> 46262 | L12: =IF(Students!A5="","",Students!R5) -> Active | M12: =IF(Students!A5="","",Students!D5) -> Network Intrusion Detection using ML
A13: =IF(Students!A6="","",Students!A6) -> SAMPLE03 | B13: =IF(Students!A6="","",Students!B6) -> Lê Văn C | C13: =IF(Students!A6="","",Students!C6) -> Data Analytics | D13: =IF(Students!A6="","",Students!G6) -> 0 | E13: =IF(Students!A6="","",Students!H6) -> Not Started | F13: =IF(Students!A6="","",Students!I6) -> Start | G13: =IF(Students!A6="","",Students!J6) -> 46279 | H13: =IF(Students!A6="","",Students!K6) -> 17 | I13: =IF(Students!A6="","",Students!N6) -> 0 | J13: =IF(Students!A6="","",Students!Q6) -> GREEN | K13: =IF(Students!A6="","",Students!L6) | L13: =IF(Students!A6="","",Students!R6) -> Active | M13: =IF(Students!A6="","",Students!D6) -> Electricity Usage Analytics
A14: =IF(Students!A7="","",Students!A7) -> SAMPLE04 | B14: =IF(Students!A7="","",Students!B7) -> Phạm Thị D | C14: =IF(Students!A7="","",Students!C7) -> Software Testing | D14: =IF(Students!A7="","",Students!G7) -> 0 | E14: =IF(Students!A7="","",Students!H7) -> Not Started | F14: =IF(Students!A7="","",Students!I7) -> Start | G14: =IF(Students!A7="","",Students!J7) -> 46293 | H14: =IF(Students!A7="","",Students!K7) -> 31 | I14: =IF(Students!A7="","",Students!N7) -> 0 | J14: =IF(Students!A7="","",Students!Q7) -> GREEN | K14: =IF(Students!A7="","",Students!L7) | L14: =IF(Students!A7="","",Students!R7) -> Active | M14: =IF(Students!A7="","",Students!D7) -> E-commerce Automation Testing
A15: =IF(Students!A8="","",Students!A8) | B15: =IF(Students!A8="","",Students!B8) | C15: =IF(Students!A8="","",Students!C8) | D15: =IF(Students!A8="","",Students!G8) | E15: =IF(Students!A8="","",Students!H8) | F15: =IF(Students!A8="","",Students!I8) | G15: =IF(Students!A8="","",Students!J8) | H15: =IF(Students!A8="","",Students!K8) | I15: =IF(Students!A8="","",Students!N8) | J15: =IF(Students!A8="","",Students!Q8) | K15: =IF(Students!A8="","",Students!L8) | L15: =IF(Students!A8="","",Students!R8) | M15: =IF(Students!A8="","",Students!D8)
A16: =IF(Students!A9="","",Students!A9) | B16: =IF(Students!A9="","",Students!B9) | C16: =IF(Students!A9="","",Students!C9) | D16: =IF(Students!A9="","",Students!G9) | E16: =IF(Students!A9="","",Students!H9) | F16: =IF(Students!A9="","",Students!I9) | G16: =IF(Students!A9="","",Students!J9) | H16: =IF(Students!A9="","",Students!K9) | I16: =IF(Students!A9="","",Students!N9) | J16: =IF(Students!A9="","",Students!Q9) | K16: =IF(Students!A9="","",Students!L9) | L16: =IF(Students!A9="","",Students!R9) | M16: =IF(Students!A9="","",Students!D9)
A17: =IF(Students!A10="","",Students!A10) | B17: =IF(Students!A10="","",Students!B10) | C17: =IF(Students!A10="","",Students!C10) | D17: =IF(Students!A10="","",Students!G10) | E17: =IF(Students!A10="","",Students!H10) | F17: =IF(Students!A10="","",Students!I10) | G17: =IF(Students!A10="","",Students!J10) | H17: =IF(Students!A10="","",Students!K10) | I17: =IF(Students!A10="","",Students!N10) | J17: =IF(Students!A10="","",Students!Q10) | K17: =IF(Students!A10="","",Students!L10) | L17: =IF(Students!A10="","",Students!R10) | M17: =IF(Students!A10="","",Students!D10)
A18: =IF(Students!A11="","",Students!A11) | B18: =IF(Students!A11="","",Students!B11) | C18: =IF(Students!A11="","",Students!C11) | D18: =IF(Students!A11="","",Students!G11) | E18: =IF(Students!A11="","",Students!H11) | F18: =IF(Students!A11="","",Students!I11) | G18: =IF(Students!A11="","",Students!J11) | H18: =IF(Students!A11="","",Students!K11) | I18: =IF(Students!A11="","",Students!N11) | J18: =IF(Students!A11="","",Students!Q11) | K18: =IF(Students!A11="","",Students!L11) | L18: =IF(Students!A11="","",Students!R11) | M18: =IF(Students!A11="","",Students!D11)
A19: =IF(Students!A12="","",Students!A12) | B19: =IF(Students!A12="","",Students!B12) | C19: =IF(Students!A12="","",Students!C12) | D19: =IF(Students!A12="","",Students!G12) | E19: =IF(Students!A12="","",Students!H12) | F19: =IF(Students!A12="","",Students!I12) | G19: =IF(Students!A12="","",Students!J12) | H19: =IF(Students!A12="","",Students!K12) | I19: =IF(Students!A12="","",Students!N12) | J19: =IF(Students!A12="","",Students!Q12) | K19: =IF(Students!A12="","",Students!L12) | L19: =IF(Students!A12="","",Students!R12) | M19: =IF(Students!A12="","",Students!D12)
A20: =IF(Students!A13="","",Students!A13) | B20: =IF(Students!A13="","",Students!B13) | C20: =IF(Students!A13="","",Students!C13) | D20: =IF(Students!A13="","",Students!G13) | E20: =IF(Students!A13="","",Students!H13) | F20: =IF(Students!A13="","",Students!I13) | G20: =IF(Students!A13="","",Students!J13) | H20: =IF(Students!A13="","",Students!K13) | I20: =IF(Students!A13="","",Students!N13) | J20: =IF(Students!A13="","",Students!Q13) | K20: =IF(Students!A13="","",Students!L13) | L20: =IF(Students!A13="","",Students!R13) | M20: =IF(Students!A13="","",Students!D13)
A21: =IF(Students!A14="","",Students!A14) | B21: =IF(Students!A14="","",Students!B14) | C21: =IF(Students!A14="","",Students!C14) | D21: =IF(Students!A14="","",Students!G14) | E21: =IF(Students!A14="","",Students!H14) | F21: =IF(Students!A14="","",Students!I14) | G21: =IF(Students!A14="","",Students!J14) | H21: =IF(Students!A14="","",Students!K14) | I21: =IF(Students!A14="","",Students!N14) | J21: =IF(Students!A14="","",Students!Q14) | K21: =IF(Students!A14="","",Students!L14) | L21: =IF(Students!A14="","",Students!R14) | M21: =IF(Students!A14="","",Students!D14)
A22: =IF(Students!A15="","",Students!A15) | B22: =IF(Students!A15="","",Students!B15) | C22: =IF(Students!A15="","",Students!C15) | D22: =IF(Students!A15="","",Students!G15) | E22: =IF(Students!A15="","",Students!H15) | F22: =IF(Students!A15="","",Students!I15) | G22: =IF(Students!A15="","",Students!J15) | H22: =IF(Students!A15="","",Students!K15) | I22: =IF(Students!A15="","",Students!N15) | J22: =IF(Students!A15="","",Students!Q15) | K22: =IF(Students!A15="","",Students!L15) | L22: =IF(Students!A15="","",Students!R15) | M22: =IF(Students!A15="","",Students!D15)
... A60: =IF(Students!A53="","",Students!A53) | B60: =IF(Students!A53="","",Students!B53) | C60: =IF(Students!A53="","",Students!C53) | D60: =IF(Students!A53="","",Students!G53) | E60: =IF(Students!A53="","",Students!H53) | F60: =IF(Students!A53="","",Students!I53) | G60: =IF(Students!A53="","",Students!J53) | H60: =IF(Students!A53="","",Students!K53) | I60: =IF(Students!A53="","",Students!N53) | J60: =IF(Students!A53="","",Students!Q53) | K60: =IF(Students!A53="","",Students!L53) | L60: =IF(Students!A53="","",Students!R53) | M60: =IF(Students!A53="","",Students!D53)
A64: Software Development | B64: =COUNTIF(Students!$C$4:$C$203,A64) -> 1 | D64: GREEN | E64: =COUNTIF(Students!$Q$4:$Q$203,D64) -> 4
A65: Data Analytics | B65: =COUNTIF(Students!$C$4:$C$203,A65) -> 1 | D65: YELLOW | E65: =COUNTIF(Students!$Q$4:$Q$203,D65) -> 0
A66: AI/ML Research | B66: =COUNTIF(Students!$C$4:$C$203,A66) -> 1 | D66: RED | E66: =COUNTIF(Students!$Q$4:$Q$203,D66) -> 0
A67: Software Testing | B67: =COUNTIF(Students!$C$4:$C$203,A67) -> 1

Sheet Config
A1: CONFIGURATION
A3: Parameter | B3: Value | C3: Description
A4: Internship Duration (weeks) | B4: 10 | C4: Tổng số tuần thực tập
A5: Sprint Length (weeks) | B5: 2 | C5: Độ dài mỗi Sprint
A6: Inactive Warning (days) | B6: 4 | C6: Không có cập nhật quá số ngày này → Yellow
A7: Inactive Critical (days) | B7: 7 | C7: Không có cập nhật quá số ngày này → Red
A8: Milestone Warning (days) | B8: 2 | C8: Còn <= số ngày này đến milestone và có blocker → Yellow

Sheet Lists
A1: REFERENCE LISTS
A2: Track | B2: Student Status | C2: Risk | D2: Backlog Status | E2: Item Type | F2: Priority | G2: Sprint | H2: Review Result
A3: Software Development | B3: Active | C3: GREEN | D3: Backlog | E3: Feature | F3: Must | G3: Onboarding | H3: Achieved
A4: Data Analytics | B4: Completed | C4: YELLOW | D4: Todo | E4: Research | F4: Should | G4: Sprint 1 | H4: Partially Achieved
A5: AI/ML Research | B5: On Hold | C5: RED | D5: In Progress | E5: Experiment | F5: Could | G5: Sprint 2 | H5: Not Achieved
A6: Software Testing | B6: Withdrawn | D6: Review | E6: Analysis | G6: Sprint 3
D7: Done | E7: Test | G7: Sprint 4
D8: Blocked | E8: Documentation | G8: Final
E9: Bug
E10: Spike

Sheet Students
A1: STUDENT INTERNSHIP PORTFOLIO
A3: Student ID | B3: Student Name | C3: Track | D3: Project Title | E3: Start Date | F3: End Date | G3: Current Week | H3: Current Stage | I3: Next Milestone | J3: Next Milestone Date | K3: Days to Milestone | L3: Last Check-in | M3: Days Since Update | N3: Open Blockers | O3: Auto Risk | P3: Manual Risk | Q3: Overall Risk | R3: Status | S3: Supervisor Notes | T3: Repository / Evidence Link
A4: SAMPLE01 | B4: Nguyễn Văn A | C4: Software Development | D4: Web-based Internship Portal | E4: 46251 | F4: =IF(A4="","",E4+Config!$B$4*7) -> 46321 | G4: =IF(A4="","",MAX(0,MIN(Config!$B$4,INT((TODAY()-E4)/7)+1))) -> 2 | H4: =IF(A4="","",IF(TODAY()<E4,"Not Started",IF(TODAY()>F4,"Completed",IF(G4=1,"Onboarding",IF(G4<=3,"Sprint 1",IF(G4<=5,"Sprint 2",IF(G4<=7,"Sprint 3",IF(G4<=9,"Sprint 4","Final")))))))) -> Sprint 1 | I4: =IF(A4="","",IF(TODAY()<E4,"Start",IF(TODAY()<=E4+7,"Charter Approved",IF(TODAY()<=E4+21,"Sprint 1 Review",IF(TODAY()<=E4+35,"Sprint 2 Review",IF(TODAY()<=E4+49,"Sprint 3 Review",IF(TODAY()<=E4+63,"Sprint 4 Review","Final Review"))))))) -> Sprint 1 Review | J4: =IF(A4="","",IF(TODAY()<E4,E4,IF(TODAY()<=E4+7,E4+7,IF(TODAY()<=E4+21,E4+21,IF(TODAY()<=E4+35,E4+35,IF(TODAY()<=E4+49,E4+49,IF(TODAY()<=E4+63,E4+63,E4+70))))))) -> 46272 | K4: =IF(A4="","",J4-TODAY()) -> 10 | L4: =IF(A4="","",IFERROR(LOOKUP(2,1/('Weekly Check-in'!$B$4:$B$1003=A4),'Weekly Check-in'!$A$4:$A$1003),"")) -> 46262 | M4: =IF(A4="","",IF(L4="","",TODAY()-L4)) -> 0 | N4: =IF(A4="","",COUNTIFS('Weekly Check-in'!$B$4:$B$1003,A4,'Weekly Check-in'!$H$4:$H$1003,"<>")) -> 0 | O4: =IF(A4="","",IF(OR(R4="Completed",R4="Withdrawn",TODAY()<E4),"GREEN",IF(L4="","YELLOW",IF(M4>=Config!$B$7,"RED",IF(OR(M4>=Config!$B$6,AND(K4<=Config!$B$8,N4>0)),"YELLOW",IF(N4>0,"YELLOW","GREEN")))))) -> GREEN | Q4: =IF(A4="","",IF(P4<>"",P4,O4)) -> GREEN | R4: Active | S4: SAMPLE – xóa hoặc thay bằng dữ liệu thật
A5: SAMPLE02 | B5: Trần Thị B | C5: AI/ML Research | D5: Network Intrusion Detection using ML | E5: 46265 | F5: =IF(A5="","",E5+Config!$B$4*7) -> 46335 | G5: =IF(A5="","",MAX(0,MIN(Config!$B$4,INT((TODAY()-E5)/7)+1))) -> 0 | H5: =IF(A5="","",IF(TODAY()<E5,"Not Started",IF(TODAY()>F5,"Completed",IF(G5=1,"Onboarding",IF(G5<=3,"Sprint 1",IF(G5<=5,"Sprint 2",IF(G5<=7,"Sprint 3",IF(G5<=9,"Sprint 4","Final")))))))) -> Not Started | I5: =IF(A5="","",IF(TODAY()<E5,"Start",IF(TODAY()<=E5+7,"Charter Approved",IF(TODAY()<=E5+21,"Sprint 1 Review",IF(TODAY()<=E5+35,"Sprint 2 Review",IF(TODAY()<=E5+49,"Sprint 3 Review",IF(TODAY()<=E5+63,"Sprint 4 Review","Final Review"))))))) -> Start | J5: =IF(A5="","",IF(TODAY()<E5,E5,IF(TODAY()<=E5+7,E5+7,IF(TODAY()<=E5+21,E5+21,IF(TODAY()<=E5+35,E5+35,IF(TODAY()<=E5+49,E5+49,IF(TODAY()<=E5+63,E5+63,E5+70))))))) -> 46265 | K5: =IF(A5="","",J5-TODAY()) -> 3 | L5: =IF(A5="","",IFERROR(LOOKUP(2,1/('Weekly Check-in'!$B$4:$B$1003=A5),'Weekly Check-in'!$A$4:$A$1003),"")) -> 46262 | M5: =IF(A5="","",IF(L5="","",TODAY()-L5)) -> 0 | N5: =IF(A5="","",COUNTIFS('Weekly Check-in'!$B$4:$B$1003,A5,'Weekly Check-in'!$H$4:$H$1003,"<>")) -> 1 | O5: =IF(A5="","",IF(OR(R5="Completed",R5="Withdrawn",TODAY()<E5),"GREEN",IF(L5="","YELLOW",IF(M5>=Config!$B$7,"RED",IF(OR(M5>=Config!$B$6,AND(K5<=Config!$B$8,N5>0)),"YELLOW",IF(N5>0,"YELLOW","GREEN")))))) -> GREEN | Q5: =IF(A5="","",IF(P5<>"",P5,O5)) -> GREEN | R5: Active | S5: SAMPLE – xóa hoặc thay bằng dữ liệu thật
A6: SAMPLE03 | B6: Lê Văn C | C6: Data Analytics | D6: Electricity Usage Analytics | E6: 46279 | F6: =IF(A6="","",E6+Config!$B$4*7) -> 46349 | G6: =IF(A6="","",MAX(0,MIN(Config!$B$4,INT((TODAY()-E6)/7)+1))) -> 0 | H6: =IF(A6="","",IF(TODAY()<E6,"Not Started",IF(TODAY()>F6,"Completed",IF(G6=1,"Onboarding",IF(G6<=3,"Sprint 1",IF(G6<=5,"Sprint 2",IF(G6<=7,"Sprint 3",IF(G6<=9,"Sprint 4","Final")))))))) -> Not Started | I6: =IF(A6="","",IF(TODAY()<E6,"Start",IF(TODAY()<=E6+7,"Charter Approved",IF(TODAY()<=E6+21,"Sprint 1 Review",IF(TODAY()<=E6+35,"Sprint 2 Review",IF(TODAY()<=E6+49,"Sprint 3 Review",IF(TODAY()<=E6+63,"Sprint 4 Review","Final Review"))))))) -> Start | J6: =IF(A6="","",IF(TODAY()<E6,E6,IF(TODAY()<=E6+7,E6+7,IF(TODAY()<=E6+21,E6+21,IF(TODAY()<=E6+35,E6+35,IF(TODAY()<=E6+49,E6+49,IF(TODAY()<=E6+63,E6+63,E6+70))))))) -> 46279 | K6: =IF(A6="","",J6-TODAY()) -> 17 | L6: =IF(A6="","",IFERROR(LOOKUP(2,1/('Weekly Check-in'!$B$4:$B$1003=A6),'Weekly Check-in'!$A$4:$A$1003),"")) | M6: =IF(A6="","",IF(L6="","",TODAY()-L6)) | N6: =IF(A6="","",COUNTIFS('Weekly Check-in'!$B$4:$B$1003,A6,'Weekly Check-in'!$H$4:$H$1003,"<>")) -> 0 | O6: =IF(A6="","",IF(OR(R6="Completed",R6="Withdrawn",TODAY()<E6),"GREEN",IF(L6="","YELLOW",IF(M6>=Config!$B$7,"RED",IF(OR(M6>=Config!$B$6,AND(K6<=Config!$B$8,N6>0)),"YELLOW",IF(N6>0,"YELLOW","GREEN")))))) -> GREEN | Q6: =IF(A6="","",IF(P6<>"",P6,O6)) -> GREEN | R6: Active | S6: SAMPLE – xóa hoặc thay bằng dữ liệu thật
A7: SAMPLE04 | B7: Phạm Thị D | C7: Software Testing | D7: E-commerce Automation Testing | E7: 46293 | F7: =IF(A7="","",E7+Config!$B$4*7) -> 46363 | G7: =IF(A7="","",MAX(0,MIN(Config!$B$4,INT((TODAY()-E7)/7)+1))) -> 0 | H7: =IF(A7="","",IF(TODAY()<E7,"Not Started",IF(TODAY()>F7,"Completed",IF(G7=1,"Onboarding",IF(G7<=3,"Sprint 1",IF(G7<=5,"Sprint 2",IF(G7<=7,"Sprint 3",IF(G7<=9,"Sprint 4","Final")))))))) -> Not Started | I7: =IF(A7="","",IF(TODAY()<E7,"Start",IF(TODAY()<=E7+7,"Charter Approved",IF(TODAY()<=E7+21,"Sprint 1 Review",IF(TODAY()<=E7+35,"Sprint 2 Review",IF(TODAY()<=E7+49,"Sprint 3 Review",IF(TODAY()<=E7+63,"Sprint 4 Review","Final Review"))))))) -> Start | J7: =IF(A7="","",IF(TODAY()<E7,E7,IF(TODAY()<=E7+7,E7+7,IF(TODAY()<=E7+21,E7+21,IF(TODAY()<=E7+35,E7+35,IF(TODAY()<=E7+49,E7+49,IF(TODAY()<=E7+63,E7+63,E7+70))))))) -> 46293 | K7: =IF(A7="","",J7-TODAY()) -> 31 | L7: =IF(A7="","",IFERROR(LOOKUP(2,1/('Weekly Check-in'!$B$4:$B$1003=A7),'Weekly Check-in'!$A$4:$A$1003),"")) | M7: =IF(A7="","",IF(L7="","",TODAY()-L7)) | N7: =IF(A7="","",COUNTIFS('Weekly Check-in'!$B$4:$B$1003,A7,'Weekly Check-in'!$H$4:$H$1003,"<>")) -> 0 | O7: =IF(A7="","",IF(OR(R7="Completed",R7="Withdrawn",TODAY()<E7),"GREEN",IF(L7="","YELLOW",IF(M7>=Config!$B$7,"RED",IF(OR(M7>=Config!$B$6,AND(K7<=Config!$B$8,N7>0)),"YELLOW",IF(N7>0,"YELLOW","GREEN")))))) -> GREEN | Q7: =IF(A7="","",IF(P7<>"",P7,O7)) -> GREEN | R7: Active | S7: SAMPLE – xóa hoặc thay bằng dữ liệu thật
F8: =IF(A8="","",E8+Config!$B$4*7) | G8: =IF(A8="","",MAX(0,MIN(Config!$B$4,INT((TODAY()-E8)/7)+1))) | H8: =IF(A8="","",IF(TODAY()<E8,"Not Started",IF(TODAY()>F8,"Completed",IF(G8=1,"Onboarding",IF(G8<=3,"Sprint 1",IF(G8<=5,"Sprint 2",IF(G8<=7,"Sprint 3",IF(G8<=9,"Sprint 4","Final")))))))) | I8: =IF(A8="","",IF(TODAY()<E8,"Start",IF(TODAY()<=E8+7,"Charter Approved",IF(TODAY()<=E8+21,"Sprint 1 Review",IF(TODAY()<=E8+35,"Sprint 2 Review",IF(TODAY()<=E8+49,"Sprint 3 Review",IF(TODAY()<=E8+63,"Sprint 4 Review","Final Review"))))))) | J8: =IF(A8="","",IF(TODAY()<E8,E8,IF(TODAY()<=E8+7,E8+7,IF(TODAY()<=E8+21,E8+21,IF(TODAY()<=E8+35,E8+35,IF(TODAY()<=E8+49,E8+49,IF(TODAY()<=E8+63,E8+63,E8+70))))))) | K8: =IF(A8="","",J8-TODAY()) | L8: =IF(A8="","",IFERROR(LOOKUP(2,1/('Weekly Check-in'!$B$4:$B$1003=A8),'Weekly Check-in'!$A$4:$A$1003),"")) | M8: =IF(A8="","",IF(L8="","",TODAY()-L8)) | N8: =IF(A8="","",COUNTIFS('Weekly Check-in'!$B$4:$B$1003,A8,'Weekly Check-in'!$H$4:$H$1003,"<>")) | O8: =IF(A8="","",IF(OR(R8="Completed",R8="Withdrawn",TODAY()<E8),"GREEN",IF(L8="","YELLOW",IF(M8>=Config!$B$7,"RED",IF(OR(M8>=Config!$B$6,AND(K8<=Config!$B$8,N8>0)),"YELLOW",IF(N8>0,"YELLOW","GREEN")))))) | Q8: =IF(A8="","",IF(P8<>"",P8,O8))
F9: =IF(A9="","",E9+Config!$B$4*7) | G9: =IF(A9="","",MAX(0,MIN(Config!$B$4,INT((TODAY()-E9)/7)+1))) | H9: =IF(A9="","",IF(TODAY()<E9,"Not Started",IF(TODAY()>F9,"Completed",IF(G9=1,"Onboarding",IF(G9<=3,"Sprint 1",IF(G9<=5,"Sprint 2",IF(G9<=7,"Sprint 3",IF(G9<=9,"Sprint 4","Final")))))))) | I9: =IF(A9="","",IF(TODAY()<E9,"Start",IF(TODAY()<=E9+7,"Charter Approved",IF(TODAY()<=E9+21,"Sprint 1 Review",IF(TODAY()<=E9+35,"Sprint 2 Review",IF(TODAY()<=E9+49,"Sprint 3 Review",IF(TODAY()<=E9+63,"Sprint 4 Review","Final Review"))))))) | J9: =IF(A9="","",IF(TODAY()<E9,E9,IF(TODAY()<=E9+7,E9+7,IF(TODAY()<=E9+21,E9+21,IF(TODAY()<=E9+35,E9+35,IF(TODAY()<=E9+49,E9+49,IF(TODAY()<=E9+63,E9+63,E9+70))))))) | K9: =IF(A9="","",J9-TODAY()) | L9: =IF(A9="","",IFERROR(LOOKUP(2,1/('Weekly Check-in'!$B$4:$B$1003=A9),'Weekly Check-in'!$A$4:$A$1003),"")) | M9: =IF(A9="","",IF(L9="","",TODAY()-L9)) | N9: =IF(A9="","",COUNTIFS('Weekly Check-in'!$B$4:$B$1003,A9,'Weekly Check-in'!$H$4:$H$1003,"<>")) | O9: =IF(A9="","",IF(OR(R9="Completed",R9="Withdrawn",TODAY()<E9),"GREEN",IF(L9="","YELLOW",IF(M9>=Config!$B$7,"RED",IF(OR(M9>=Config!$B$6,AND(K9<=Config!$B$8,N9>0)),"YELLOW",IF(N9>0,"YELLOW","GREEN")))))) | Q9: =IF(A9="","",IF(P9<>"",P9,O9))
F10: =IF(A10="","",E10+Config!$B$4*7) | G10: =IF(A10="","",MAX(0,MIN(Config!$B$4,INT((TODAY()-E10)/7)+1))) | H10: =IF(A10="","",IF(TODAY()<E10,"Not Started",IF(TODAY()>F10,"Completed",IF(G10=1,"Onboarding",IF(G10<=3,"Sprint 1",IF(G10<=5,"Sprint 2",IF(G10<=7,"Sprint 3",IF(G10<=9,"Sprint 4","Final")))))))) | I10: =IF(A10="","",IF(TODAY()<E10,"Start",IF(TODAY()<=E10+7,"Charter Approved",IF(TODAY()<=E10+21,"Sprint 1 Review",IF(TODAY()<=E10+35,"Sprint 2 Review",IF(TODAY()<=E10+49,"Sprint 3 Review",IF(TODAY()<=E10+63,"Sprint 4 Review","Final Review"))))))) | J10: =IF(A10="","",IF(TODAY()<E10,E10,IF(TODAY()<=E10+7,E10+7,IF(TODAY()<=E10+21,E10+21,IF(TODAY()<=E10+35,E10+35,IF(TODAY()<=E10+49,E10+49,IF(TODAY()<=E10+63,E10+63,E10+70))))))) | K10: =IF(A10="","",J10-TODAY()) | L10: =IF(A10="","",IFERROR(LOOKUP(2,1/('Weekly Check-in'!$B$4:$B$1003=A10),'Weekly Check-in'!$A$4:$A$1003),"")) | M10: =IF(A10="","",IF(L10="","",TODAY()-L10)) | N10: =IF(A10="","",COUNTIFS('Weekly Check-in'!$B$4:$B$1003,A10,'Weekly Check-in'!$H$4:$H$1003,"<>")) | O10: =IF(A10="","",IF(OR(R10="Completed",R10="Withdrawn",TODAY()<E10),"GREEN",IF(L10="","YELLOW",IF(M10>=Config!$B$7,"RED",IF(OR(M10>=Config!$B$6,AND(K10<=Config!$B$8,N10>0)),"YELLOW",IF(N10>0,"YELLOW","GREEN")))))) | Q10: =IF(A10="","",IF(P10<>"",P10,O10))
F11: =IF(A11="","",E11+Config!$B$4*7) | G11: =IF(A11="","",MAX(0,MIN(Config!$B$4,INT((TODAY()-E11)/7)+1))) | H11: =IF(A11="","",IF(TODAY()<E11,"Not Started",IF(TODAY()>F11,"Completed",IF(G11=1,"Onboarding",IF(G11<=3,"Sprint 1",IF(G11<=5,"Sprint 2",IF(G11<=7,"Sprint 3",IF(G11<=9,"Sprint 4","Final")))))))) | I11: =IF(A11="","",IF(TODAY()<E11,"Start",IF(TODAY()<=E11+7,"Charter Approved",IF(TODAY()<=E11+21,"Sprint 1 Review",IF(TODAY()<=E11+35,"Sprint 2 Review",IF(TODAY()<=E11+49,"Sprint 3 Review",IF(TODAY()<=E11+63,"Sprint 4 Review","Final Review"))))))) | J11: =IF(A11="","",IF(TODAY()<E11,E11,IF(TODAY()<=E11+7,E11+7,IF(TODAY()<=E11+21,E11+21,IF(TODAY()<=E11+35,E11+35,IF(TODAY()<=E11+49,E11+49,IF(TODAY()<=E11+63,E11+63,E11+70))))))) | K11: =IF(A11="","",J11-TODAY()) | L11: =IF(A11="","",IFERROR(LOOKUP(2,1/('Weekly Check-in'!$B$4:$B$1003=A11),'Weekly Check-in'!$A$4:$A$1003),"")) | M11: =IF(A11="","",IF(L11="","",TODAY()-L11)) | N11: =IF(A11="","",COUNTIFS('Weekly Check-in'!$B$4:$B$1003,A11,'Weekly Check-in'!$H$4:$H$1003,"<>")) | O11: =IF(A11="","",IF(OR(R11="Completed",R11="Withdrawn",TODAY()<E11),"GREEN",IF(L11="","YELLOW",IF(M11>=Config!$B$7,"RED",IF(OR(M11>=Config!$B$6,AND(K11<=Config!$B$8,N11>0)),"YELLOW",IF(N11>0,"YELLOW","GREEN")))))) | Q11: =IF(A11="","",IF(P11<>"",P11,O11))
F12: =IF(A12="","",E12+Config!$B$4*7) | G12: =IF(A12="","",MAX(0,MIN(Config!$B$4,INT((TODAY()-E12)/7)+1))) | H12: =IF(A12="","",IF(TODAY()<E12,"Not Started",IF(TODAY()>F12,"Completed",IF(G12=1,"Onboarding",IF(G12<=3,"Sprint 1",IF(G12<=5,"Sprint 2",IF(G12<=7,"Sprint 3",IF(G12<=9,"Sprint 4","Final")))))))) | I12: =IF(A12="","",IF(TODAY()<E12,"Start",IF(TODAY()<=E12+7,"Charter Approved",IF(TODAY()<=E12+21,"Sprint 1 Review",IF(TODAY()<=E12+35,"Sprint 2 Review",IF(TODAY()<=E12+49,"Sprint 3 Review",IF(TODAY()<=E12+63,"Sprint 4 Review","Final Review"))))))) | J12: =IF(A12="","",IF(TODAY()<E12,E12,IF(TODAY()<=E12+7,E12+7,IF(TODAY()<=E12+21,E12+21,IF(TODAY()<=E12+35,E12+35,IF(TODAY()<=E12+49,E12+49,IF(TODAY()<=E12+63,E12+63,E12+70))))))) | K12: =IF(A12="","",J12-TODAY()) | L12: =IF(A12="","",IFERROR(LOOKUP(2,1/('Weekly Check-in'!$B$4:$B$1003=A12),'Weekly Check-in'!$A$4:$A$1003),"")) | M12: =IF(A12="","",IF(L12="","",TODAY()-L12)) | N12: =IF(A12="","",COUNTIFS('Weekly Check-in'!$B$4:$B$1003,A12,'Weekly Check-in'!$H$4:$H$1003,"<>")) | O12: =IF(A12="","",IF(OR(R12="Completed",R12="Withdrawn",TODAY()<E12),"GREEN",IF(L12="","YELLOW",IF(M12>=Config!$B$7,"RED",IF(OR(M12>=Config!$B$6,AND(K12<=Config!$B$8,N12>0)),"YELLOW",IF(N12>0,"YELLOW","GREEN")))))) | Q12: =IF(A12="","",IF(P12<>"",P12,O12))
F13: =IF(A13="","",E13+Config!$B$4*7) | G13: =IF(A13="","",MAX(0,MIN(Config!$B$4,INT((TODAY()-E13)/7)+1))) | H13: =IF(A13="","",IF(TODAY()<E13,"Not Started",IF(TODAY()>F13,"Completed",IF(G13=1,"Onboarding",IF(G13<=3,"Sprint 1",IF(G13<=5,"Sprint 2",IF(G13<=7,"Sprint 3",IF(G13<=9,"Sprint 4","Final")))))))) | I13: =IF(A13="","",IF(TODAY()<E13,"Start",IF(TODAY()<=E13+7,"Charter Approved",IF(TODAY()<=E13+21,"Sprint 1 Review",IF(TODAY()<=E13+35,"Sprint 2 Review",IF(TODAY()<=E13+49,"Sprint 3 Review",IF(TODAY()<=E13+63,"Sprint 4 Review","Final Review"))))))) | J13: =IF(A13="","",IF(TODAY()<E13,E13,IF(TODAY()<=E13+7,E13+7,IF(TODAY()<=E13+21,E13+21,IF(TODAY()<=E13+35,E13+35,IF(TODAY()<=E13+49,E13+49,IF(TODAY()<=E13+63,E13+63,E13+70))))))) | K13: =IF(A13="","",J13-TODAY()) | L13: =IF(A13="","",IFERROR(LOOKUP(2,1/('Weekly Check-in'!$B$4:$B$1003=A13),'Weekly Check-in'!$A$4:$A$1003),"")) | M13: =IF(A13="","",IF(L13="","",TODAY()-L13)) | N13: =IF(A13="","",COUNTIFS('Weekly Check-in'!$B$4:$B$1003,A13,'Weekly Check-in'!$H$4:$H$1003,"<>")) | O13: =IF(A13="","",IF(OR(R13="Completed",R13="Withdrawn",TODAY()<E13),"GREEN",IF(L13="","YELLOW",IF(M13>=Config!$B$7,"RED",IF(OR(M13>=Config!$B$6,AND(K13<=Config!$B$8,N13>0)),"YELLOW",IF(N13>0,"YELLOW","GREEN")))))) | Q13: =IF(A13="","",IF(P13<>"",P13,O13))
F14: =IF(A14="","",E14+Config!$B$4*7) | G14: =IF(A14="","",MAX(0,MIN(Config!$B$4,INT((TODAY()-E14)/7)+1))) | H14: =IF(A14="","",IF(TODAY()<E14,"Not Started",IF(TODAY()>F14,"Completed",IF(G14=1,"Onboarding",IF(G14<=3,"Sprint 1",IF(G14<=5,"Sprint 2",IF(G14<=7,"Sprint 3",IF(G14<=9,"Sprint 4","Final")))))))) | I14: =IF(A14="","",IF(TODAY()<E14,"Start",IF(TODAY()<=E14+7,"Charter Approved",IF(TODAY()<=E14+21,"Sprint 1 Review",IF(TODAY()<=E14+35,"Sprint 2 Review",IF(TODAY()<=E14+49,"Sprint 3 Review",IF(TODAY()<=E14+63,"Sprint 4 Review","Final Review"))))))) | J14: =IF(A14="","",IF(TODAY()<E14,E14,IF(TODAY()<=E14+7,E14+7,IF(TODAY()<=E14+21,E14+21,IF(TODAY()<=E14+35,E14+35,IF(TODAY()<=E14+49,E14+49,IF(TODAY()<=E14+63,E14+63,E14+70))))))) | K14: =IF(A14="","",J14-TODAY()) | L14: =IF(A14="","",IFERROR(LOOKUP(2,1/('Weekly Check-in'!$B$4:$B$1003=A14),'Weekly Check-in'!$A$4:$A$1003),"")) | M14: =IF(A14="","",IF(L14="","",TODAY()-L14)) | N14: =IF(A14="","",COUNTIFS('Weekly Check-in'!$B$4:$B$1003,A14,'Weekly Check-in'!$H$4:$H$1003,"<>")) | O14: =IF(A14="","",IF(OR(R14="Completed",R14="Withdrawn",TODAY()<E14),"GREEN",IF(L14="","YELLOW",IF(M14>=Config!$B$7,"RED",IF(OR(M14>=Config!$B$6,AND(K14<=Config!$B$8,N14>0)),"YELLOW",IF(N14>0,"YELLOW","GREEN")))))) | Q14: =IF(A14="","",IF(P14<>"",P14,O14))
F15: =IF(A15="","",E15+Config!$B$4*7) | G15: =IF(A15="","",MAX(0,MIN(Config!$B$4,INT((TODAY()-E15)/7)+1))) | H15: =IF(A15="","",IF(TODAY()<E15,"Not Started",IF(TODAY()>F15,"Completed",IF(G15=1,"Onboarding",IF(G15<=3,"Sprint 1",IF(G15<=5,"Sprint 2",IF(G15<=7,"Sprint 3",IF(G15<=9,"Sprint 4","Final")))))))) | I15: =IF(A15="","",IF(TODAY()<E15,"Start",IF(TODAY()<=E15+7,"Charter Approved",IF(TODAY()<=E15+21,"Sprint 1 Review",IF(TODAY()<=E15+35,"Sprint 2 Review",IF(TODAY()<=E15+49,"Sprint 3 Review",IF(TODAY()<=E15+63,"Sprint 4 Review","Final Review"))))))) | J15: =IF(A15="","",IF(TODAY()<E15,E15,IF(TODAY()<=E15+7,E15+7,IF(TODAY()<=E15+21,E15+21,IF(TODAY()<=E15+35,E15+35,IF(TODAY()<=E15+49,E15+49,IF(TODAY()<=E15+63,E15+63,E15+70))))))) | K15: =IF(A15="","",J15-TODAY()) | L15: =IF(A15="","",IFERROR(LOOKUP(2,1/('Weekly Check-in'!$B$4:$B$1003=A15),'Weekly Check-in'!$A$4:$A$1003),"")) | M15: =IF(A15="","",IF(L15="","",TODAY()-L15)) | N15: =IF(A15="","",COUNTIFS('Weekly Check-in'!$B$4:$B$1003,A15,'Weekly Check-in'!$H$4:$H$1003,"<>")) | O15: =IF(A15="","",IF(OR(R15="Completed",R15="Withdrawn",TODAY()<E15),"GREEN",IF(L15="","YELLOW",IF(M15>=Config!$B$7,"RED",IF(OR(M15>=Config!$B$6,AND(K15<=Config!$B$8,N15>0)),"YELLOW",IF(N15>0,"YELLOW","GREEN")))))) | Q15: =IF(A15="","",IF(P15<>"",P15,O15))
F16: =IF(A16="","",E16+Config!$B$4*7) | G16: =IF(A16="","",MAX(0,MIN(Config!$B$4,INT((TODAY()-E16)/7)+1))) | H16: =IF(A16="","",IF(TODAY()<E16,"Not Started",IF(TODAY()>F16,"Completed",IF(G16=1,"Onboarding",IF(G16<=3,"Sprint 1",IF(G16<=5,"Sprint 2",IF(G16<=7,"Sprint 3",IF(G16<=9,"Sprint 4","Final")))))))) | I16: =IF(A16="","",IF(TODAY()<E16,"Start",IF(TODAY()<=E16+7,"Charter Approved",IF(TODAY()<=E16+21,"Sprint 1 Review",IF(TODAY()<=E16+35,"Sprint 2 Review",IF(TODAY()<=E16+49,"Sprint 3 Review",IF(TODAY()<=E16+63,"Sprint 4 Review","Final Review"))))))) | J16: =IF(A16="","",IF(TODAY()<E16,E16,IF(TODAY()<=E16+7,E16+7,IF(TODAY()<=E16+21,E16+21,IF(TODAY()<=E16+35,E16+35,IF(TODAY()<=E16+49,E16+49,IF(TODAY()<=E16+63,E16+63,E16+70))))))) | K16: =IF(A16="","",J16-TODAY()) | L16: =IF(A16="","",IFERROR(LOOKUP(2,1/('Weekly Check-in'!$B$4:$B$1003=A16),'Weekly Check-in'!$A$4:$A$1003),"")) | M16: =IF(A16="","",IF(L16="","",TODAY()-L16)) | N16: =IF(A16="","",COUNTIFS('Weekly Check-in'!$B$4:$B$1003,A16,'Weekly Check-in'!$H$4:$H$1003,"<>")) | O16: =IF(A16="","",IF(OR(R16="Completed",R16="Withdrawn",TODAY()<E16),"GREEN",IF(L16="","YELLOW",IF(M16>=Config!$B$7,"RED",IF(OR(M16>=Config!$B$6,AND(K16<=Config!$B$8,N16>0)),"YELLOW",IF(N16>0,"YELLOW","GREEN")))))) | Q16: =IF(A16="","",IF(P16<>"",P16,O16))
F17: =IF(A17="","",E17+Config!$B$4*7) | G17: =IF(A17="","",MAX(0,MIN(Config!$B$4,INT((TODAY()-E17)/7)+1))) | H17: =IF(A17="","",IF(TODAY()<E17,"Not Started",IF(TODAY()>F17,"Completed",IF(G17=1,"Onboarding",IF(G17<=3,"Sprint 1",IF(G17<=5,"Sprint 2",IF(G17<=7,"Sprint 3",IF(G17<=9,"Sprint 4","Final")))))))) | I17: =IF(A17="","",IF(TODAY()<E17,"Start",IF(TODAY()<=E17+7,"Charter Approved",IF(TODAY()<=E17+21,"Sprint 1 Review",IF(TODAY()<=E17+35,"Sprint 2 Review",IF(TODAY()<=E17+49,"Sprint 3 Review",IF(TODAY()<=E17+63,"Sprint 4 Review","Final Review"))))))) | J17: =IF(A17="","",IF(TODAY()<E17,E17,IF(TODAY()<=E17+7,E17+7,IF(TODAY()<=E17+21,E17+21,IF(TODAY()<=E17+35,E17+35,IF(TODAY()<=E17+49,E17+49,IF(TODAY()<=E17+63,E17+63,E17+70))))))) | K17: =IF(A17="","",J17-TODAY()) | L17: =IF(A17="","",IFERROR(LOOKUP(2,1/('Weekly Check-in'!$B$4:$B$1003=A17),'Weekly Check-in'!$A$4:$A$1003),"")) | M17: =IF(A17="","",IF(L17="","",TODAY()-L17)) | N17: =IF(A17="","",COUNTIFS('Weekly Check-in'!$B$4:$B$1003,A17,'Weekly Check-in'!$H$4:$H$1003,"<>")) | O17: =IF(A17="","",IF(OR(R17="Completed",R17="Withdrawn",TODAY()<E17),"GREEN",IF(L17="","YELLOW",IF(M17>=Config!$B$7,"RED",IF(OR(M17>=Config!$B$6,AND(K17<=Config!$B$8,N17>0)),"YELLOW",IF(N17>0,"YELLOW","GREEN")))))) | Q17: =IF(A17="","",IF(P17<>"",P17,O17))
F18: =IF(A18="","",E18+Config!$B$4*7) | G18: =IF(A18="","",MAX(0,MIN(Config!$B$4,INT((TODAY()-E18)/7)+1))) | H18: =IF(A18="","",IF(TODAY()<E18,"Not Started",IF(TODAY()>F18,"Completed",IF(G18=1,"Onboarding",IF(G18<=3,"Sprint 1",IF(G18<=5,"Sprint 2",IF(G18<=7,"Sprint 3",IF(G18<=9,"Sprint 4","Final")))))))) | I18: =IF(A18="","",IF(TODAY()<E18,"Start",IF(TODAY()<=E18+7,"Charter Approved",IF(TODAY()<=E18+21,"Sprint 1 Review",IF(TODAY()<=E18+35,"Sprint 2 Review",IF(TODAY()<=E18+49,"Sprint 3 Review",IF(TODAY()<=E18+63,"Sprint 4 Review","Final Review"))))))) | J18: =IF(A18="","",IF(TODAY()<E18,E18,IF(TODAY()<=E18+7,E18+7,IF(TODAY()<=E18+21,E18+21,IF(TODAY()<=E18+35,E18+35,IF(TODAY()<=E18+49,E18+49,IF(TODAY()<=E18+63,E18+63,E18+70))))))) | K18: =IF(A18="","",J18-TODAY()) | L18: =IF(A18="","",IFERROR(LOOKUP(2,1/('Weekly Check-in'!$B$4:$B$1003=A18),'Weekly Check-in'!$A$4:$A$1003),"")) | M18: =IF(A18="","",IF(L18="","",TODAY()-L18)) | N18: =IF(A18="","",COUNTIFS('Weekly Check-in'!$B$4:$B$1003,A18,'Weekly Check-in'!$H$4:$H$1003,"<>")) | O18: =IF(A18="","",IF(OR(R18="Completed",R18="Withdrawn",TODAY()<E18),"GREEN",IF(L18="","YELLOW",IF(M18>=Config!$B$7,"RED",IF(OR(M18>=Config!$B$6,AND(K18<=Config!$B$8,N18>0)),"YELLOW",IF(N18>0,"YELLOW","GREEN")))))) | Q18: =IF(A18="","",IF(P18<>"",P18,O18))
F19: =IF(A19="","",E19+Config!$B$4*7) | G19: =IF(A19="","",MAX(0,MIN(Config!$B$4,INT((TODAY()-E19)/7)+1))) | H19: =IF(A19="","",IF(TODAY()<E19,"Not Started",IF(TODAY()>F19,"Completed",IF(G19=1,"Onboarding",IF(G19<=3,"Sprint 1",IF(G19<=5,"Sprint 2",IF(G19<=7,"Sprint 3",IF(G19<=9,"Sprint 4","Final")))))))) | I19: =IF(A19="","",IF(TODAY()<E19,"Start",IF(TODAY()<=E19+7,"Charter Approved",IF(TODAY()<=E19+21,"Sprint 1 Review",IF(TODAY()<=E19+35,"Sprint 2 Review",IF(TODAY()<=E19+49,"Sprint 3 Review",IF(TODAY()<=E19+63,"Sprint 4 Review","Final Review"))))))) | J19: =IF(A19="","",IF(TODAY()<E19,E19,IF(TODAY()<=E19+7,E19+7,IF(TODAY()<=E19+21,E19+21,IF(TODAY()<=E19+35,E19+35,IF(TODAY()<=E19+49,E19+49,IF(TODAY()<=E19+63,E19+63,E19+70))))))) | K19: =IF(A19="","",J19-TODAY()) | L19: =IF(A19="","",IFERROR(LOOKUP(2,1/('Weekly Check-in'!$B$4:$B$1003=A19),'Weekly Check-in'!$A$4:$A$1003),"")) | M19: =IF(A19="","",IF(L19="","",TODAY()-L19)) | N19: =IF(A19="","",COUNTIFS('Weekly Check-in'!$B$4:$B$1003,A19,'Weekly Check-in'!$H$4:$H$1003,"<>")) | O19: =IF(A19="","",IF(OR(R19="Completed",R19="Withdrawn",TODAY()<E19),"GREEN",IF(L19="","YELLOW",IF(M19>=Config!$B$7,"RED",IF(OR(M19>=Config!$B$6,AND(K19<=Config!$B$8,N19>0)),"YELLOW",IF(N19>0,"YELLOW","GREEN")))))) | Q19: =IF(A19="","",IF(P19<>"",P19,O19))
... F203: =IF(A203="","",E203+Config!$B$4*7) | G203: =IF(A203="","",MAX(0,MIN(Config!$B$4,INT((TODAY()-E203)/7)+1))) | H203: =IF(A203="","",IF(TODAY()<E203,"Not Started",IF(TODAY()>F203,"Completed",IF(G203=1,"Onboarding",IF(G203<=3,"Sprint 1",IF(G203<=5,"Sprint 2",IF(G203<=7,"Sprint 3",IF(G203<=9,"Sprint 4","Final")))))))) | I203: =IF(A203="","",IF(TODAY()<E203,"Start",IF(TODAY()<=E203+7,"Charter Approved",IF(TODAY()<=E203+21,"Sprint 1 Review",IF(TODAY()<=E203+35,"Sprint 2 Review",IF(TODAY()<=E203+49,"Sprint 3 Review",IF(TODAY()<=E203+63,"Sprint 4 Review","Final Review"))))))) | J203: =IF(A203="","",IF(TODAY()<E203,E203,IF(TODAY()<=E203+7,E203+7,IF(TODAY()<=E203+21,E203+21,IF(TODAY()<=E203+35,E203+35,IF(TODAY()<=E203+49,E203+49,IF(TODAY()<=E203+63,E203+63,E203+70))))))) | K203: =IF(A203="","",J203-TODAY()) | L203: =IF(A203="","",IFERROR(LOOKUP(2,1/('Weekly Check-in'!$B$4:$B$1003=A203),'Weekly Check-in'!$A$4:$A$1003),"")) | M203: =IF(A203="","",IF(L203="","",TODAY()-L203)) | N203: =IF(A203="","",COUNTIFS('Weekly Check-in'!$B$4:$B$1003,A203,'Weekly Check-in'!$H$4:$H$1003,"<>")) | O203: =IF(A203="","",IF(OR(R203="Completed",R203="Withdrawn",TODAY()<E203),"GREEN",IF(L203="","YELLOW",IF(M203>=Config!$B$7,"RED",IF(OR(M203>=Config!$B$6,AND(K203<=Config!$B$8,N203>0)),"YELLOW",IF(N203>0,"YELLOW","GREEN")))))) | Q203: =IF(A203="","",IF(P203<>"",P203,O203))

Sheet Weekly Check-in
A1: WEEKLY CHECK-IN — DONE / NEXT / BLOCKER / EVIDENCE
A3: Check-in Date | B3: Student ID | C3: Student Name | D3: Current Stage | E3: Current Goal | F3: DONE since last update | G3: NEXT | H3: BLOCKER | I3: EVIDENCE / Link | J3: Risk Self-Assessment | K3: Mentor Action | L3: Notes
A4: 46262 | B4: SAMPLE01 | C4: =IF(B4="","",IFERROR(INDEX(Students!$B$4:$B$203,MATCH(B4,Students!$A$4:$A$203,0)),"")) -> Nguyễn Văn A | D4: =IF(B4="","",IFERROR(INDEX(Students!$H$4:$H$203,MATCH(B4,Students!$A$4:$A$203,0)),"")) -> Sprint 1 | E4: Implement authentication | F4: Database schema + login API | G4: Complete dashboard core flow | I4: https://github.com/example/sample01 | J4: GREEN | K4: Review API security
A5: 46262 | B5: SAMPLE02 | C5: =IF(B5="","",IFERROR(INDEX(Students!$B$4:$B$203,MATCH(B5,Students!$A$4:$A$203,0)),"")) -> Trần Thị B | D5: =IF(B5="","",IFERROR(INDEX(Students!$H$4:$H$203,MATCH(B5,Students!$A$4:$A$203,0)),"")) -> Not Started | E5: Establish baseline | F5: Prepared dataset and RF baseline | G5: Evaluate XGBoost | H5: Class imbalance | I5: experiment-log/sample02 | J5: YELLOW | K5: Review sampling strategy
C6: =IF(B6="","",IFERROR(INDEX(Students!$B$4:$B$203,MATCH(B6,Students!$A$4:$A$203,0)),"")) | D6: =IF(B6="","",IFERROR(INDEX(Students!$H$4:$H$203,MATCH(B6,Students!$A$4:$A$203,0)),""))
C7: =IF(B7="","",IFERROR(INDEX(Students!$B$4:$B$203,MATCH(B7,Students!$A$4:$A$203,0)),"")) | D7: =IF(B7="","",IFERROR(INDEX(Students!$H$4:$H$203,MATCH(B7,Students!$A$4:$A$203,0)),""))
C8: =IF(B8="","",IFERROR(INDEX(Students!$B$4:$B$203,MATCH(B8,Students!$A$4:$A$203,0)),"")) | D8: =IF(B8="","",IFERROR(INDEX(Students!$H$4:$H$203,MATCH(B8,Students!$A$4:$A$203,0)),""))
C9: =IF(B9="","",IFERROR(INDEX(Students!$B$4:$B$203,MATCH(B9,Students!$A$4:$A$203,0)),"")) | D9: =IF(B9="","",IFERROR(INDEX(Students!$H$4:$H$203,MATCH(B9,Students!$A$4:$A$203,0)),""))
C10: =IF(B10="","",IFERROR(INDEX(Students!$B$4:$B$203,MATCH(B10,Students!$A$4:$A$203,0)),"")) | D10: =IF(B10="","",IFERROR(INDEX(Students!$H$4:$H$203,MATCH(B10,Students!$A$4:$A$203,0)),""))
C11: =IF(B11="","",IFERROR(INDEX(Students!$B$4:$B$203,MATCH(B11,Students!$A$4:$A$203,0)),"")) | D11: =IF(B11="","",IFERROR(INDEX(Students!$H$4:$H$203,MATCH(B11,Students!$A$4:$A$203,0)),""))
C12: =IF(B12="","",IFERROR(INDEX(Students!$B$4:$B$203,MATCH(B12,Students!$A$4:$A$203,0)),"")) | D12: =IF(B12="","",IFERROR(INDEX(Students!$H$4:$H$203,MATCH(B12,Students!$A$4:$A$203,0)),""))
C13: =IF(B13="","",IFERROR(INDEX(Students!$B$4:$B$203,MATCH(B13,Students!$A$4:$A$203,0)),"")) | D13: =IF(B13="","",IFERROR(INDEX(Students!$H$4:$H$203,MATCH(B13,Students!$A$4:$A$203,0)),""))
C14: =IF(B14="","",IFERROR(INDEX(Students!$B$4:$B$203,MATCH(B14,Students!$A$4:$A$203,0)),"")) | D14: =IF(B14="","",IFERROR(INDEX(Students!$H$4:$H$203,MATCH(B14,Students!$A$4:$A$203,0)),""))
C15: =IF(B15="","",IFERROR(INDEX(Students!$B$4:$B$203,MATCH(B15,Students!$A$4:$A$203,0)),"")) | D15: =IF(B15="","",IFERROR(INDEX(Students!$H$4:$H$203,MATCH(B15,Students!$A$4:$A$203,0)),""))
C16: =IF(B16="","",IFERROR(INDEX(Students!$B$4:$B$203,MATCH(B16,Students!$A$4:$A$203,0)),"")) | D16: =IF(B16="","",IFERROR(INDEX(Students!$H$4:$H$203,MATCH(B16,Students!$A$4:$A$203,0)),""))
C17: =IF(B17="","",IFERROR(INDEX(Students!$B$4:$B$203,MATCH(B17,Students!$A$4:$A$203,0)),"")) | D17: =IF(B17="","",IFERROR(INDEX(Students!$H$4:$H$203,MATCH(B17,Students!$A$4:$A$203,0)),""))
... C1003: =IF(B1003="","",IFERROR(INDEX(Students!$B$4:$B$203,MATCH(B1003,Students!$A$4:$A$203,0)),"")) | D1003: =IF(B1003="","",IFERROR(INDEX(Students!$H$4:$H$203,MATCH(B1003,Students!$A$4:$A$203,0)),""))

Sheet Backlog
A1: UNIFIED PRODUCT / RESEARCH BACKLOG
A3: Student ID | B3: Item ID | C3: Sprint/Stage | D3: Item Type | E3: Title | F3: Description | G3: Acceptance Criteria | H3: Priority | I3: Estimate | J3: Status | K3: Evidence Link | L3: Last Updated | M3: Notes

Sheet Sprint Reviews
A1: SPRINT REVIEW & RETROSPECTIVE LOG
A3: Review Date | B3: Student ID | C3: Student Name | D3: Sprint | E3: Sprint Goal | F3: Goal Result | G3: Increment / Deliverable | H3: Evidence Link | I3: Technical Findings | J3: KEEP | K3: PROBLEM | L3: TRY | M3: Backlog Changes | N3: Mentor Feedback | O3: Score (0-10) | P3: Next Review Date
C4: =IF(B4="","",IFERROR(INDEX(Students!$B$4:$B$203,MATCH(B4,Students!$A$4:$A$203,0)),""))
C5: =IF(B5="","",IFERROR(INDEX(Students!$B$4:$B$203,MATCH(B5,Students!$A$4:$A$203,0)),""))
C6: =IF(B6="","",IFERROR(INDEX(Students!$B$4:$B$203,MATCH(B6,Students!$A$4:$A$203,0)),""))
C7: =IF(B7="","",IFERROR(INDEX(Students!$B$4:$B$203,MATCH(B7,Students!$A$4:$A$203,0)),""))
C8: =IF(B8="","",IFERROR(INDEX(Students!$B$4:$B$203,MATCH(B8,Students!$A$4:$A$203,0)),""))
C9: =IF(B9="","",IFERROR(INDEX(Students!$B$4:$B$203,MATCH(B9,Students!$A$4:$A$203,0)),""))
C10: =IF(B10="","",IFERROR(INDEX(Students!$B$4:$B$203,MATCH(B10,Students!$A$4:$A$203,0)),""))
C11: =IF(B11="","",IFERROR(INDEX(Students!$B$4:$B$203,MATCH(B11,Students!$A$4:$A$203,0)),""))
C12: =IF(B12="","",IFERROR(INDEX(Students!$B$4:$B$203,MATCH(B12,Students!$A$4:$A$203,0)),""))
C13: =IF(B13="","",IFERROR(INDEX(Students!$B$4:$B$203,MATCH(B13,Students!$A$4:$A$203,0)),""))
C14: =IF(B14="","",IFERROR(INDEX(Students!$B$4:$B$203,MATCH(B14,Students!$A$4:$A$203,0)),""))
C15: =IF(B15="","",IFERROR(INDEX(Students!$B$4:$B$203,MATCH(B15,Students!$A$4:$A$203,0)),""))
... C803: =IF(B803="","",IFERROR(INDEX(Students!$B$4:$B$203,MATCH(B803,Students!$A$4:$A$203,0)),""))

Sheet Track Guide
A1: TRACK-SPECIFIC SPRINT OUTCOMES & DEFINITION OF DONE
A3: Track | B3: Stage | C3: Primary Focus | D3: Expected Increment | E3: Definition of Done / Evidence | F3: Typical Backlog Types | G3: Suggested Metrics
A4: Software Development | B4: Sprint 1 | C4: Requirements + Architecture + Prototype | D4: Runnable skeleton / MVP | E4: Code pushed; build/run succeeds; acceptance criteria met; basic tests; demoable | F4: Feature, Spike, Bug | G4: Working features, defects, test pass rate
A5: Software Development | B5: Sprint 2 | C5: Core Features | D5: Core workflow works end-to-end | E5: Same DoD + integrated core function | F5: Feature, Bug, Test | G5: Core scenario completion
A6: Software Development | B6: Sprint 3 | C6: Integration + Quality | D6: Integrated system | E6: Integration tests; error handling; no critical known bug | F6: Feature, Test, Bug | G6: Defect trend, integration success
A7: Software Development | B7: Sprint 4 | C7: Release + Deployment | D7: Release candidate | E7: Deployable; documentation; regression passed | F7: Test, Documentation, Bug | G7: Release readiness
A8: Data Analytics | B8: Sprint 1 | C8: Problem + Data Understanding + EDA | D8: Dataset, data dictionary, EDA | E8: Question defined; data documented; EDA reproducible; findings evidenced | F8: Analysis, Research | G8: Data completeness, EDA findings
A9: Data Analytics | B9: Sprint 2 | C9: Data Processing | D9: Clean data + reproducible pipeline | E9: Cleaning documented; pipeline reproducible; quality checks | F9: Analysis, Documentation | G9: Missingness, data quality
A10: Data Analytics | B10: Sprint 3 | C10: Analysis | D10: Validated insights | E10: Method appropriate; visualization; evidence; limitations | F10: Analysis, Research | G10: Statistical/analytical evidence
A11: Data Analytics | B11: Sprint 4 | C11: Communication | D11: Dashboard/report + recommendations | E11: Findings traceable to evidence; report/dashboard usable | F11: Analysis, Documentation | G11: Insight quality, usability
A12: AI/ML Research | B12: Sprint 1 | C12: Literature + Dataset + Baseline | D12: Reproducible baseline | E12: Dataset/version logged; baseline code; metrics; experiment log | F12: Research, Experiment | G12: Baseline metrics
A13: AI/ML Research | B13: Sprint 2 | C13: Proposed Method | D13: First experiments | E13: Hypothesis; configuration; reproducible code; results recorded | F13: Experiment, Research | G13: Metric vs baseline
A14: AI/ML Research | B14: Sprint 3 | C14: Comparative Experiments | D14: Comparison + ablation/validation | E14: Appropriate metrics; repeated/controlled experiments; interpretation | F14: Experiment | G14: F1/AUC/etc., variance
... A19: Software Testing | B19: Sprint 4 | C19: Regression + Reporting | D19: Final QA report | E19: Regression executed; evidence; defect summary; recommendations | F19: Test, Documentation, Bug | G19: Defect severity, regression pass rate

Sheet Milestone Schedule
A1: MILESTONE SCHEDULE — AUTO-GENERATED FROM START DATE
A3: Student ID | B3: Student Name | C3: Start Date | D3: Charter Approved | E3: Sprint 1 Review | F3: Sprint 2 Review | G3: Sprint 3 Review | H3: Sprint 4 Review | I3: Final Review | J3: End Date
A4: =IF(Students!A4="","",Students!A4) -> SAMPLE01 | B4: =IF(A4="","",Students!B4) -> Nguyễn Văn A | C4: =IF(A4="","",Students!E4) -> 46251 | D4: =IF(A4="","",C4+7) -> 46258 | E4: =IF(A4="","",C4+21) -> 46272 | F4: =IF(A4="","",C4+35) -> 46286 | G4: =IF(A4="","",C4+49) -> 46300 | H4: =IF(A4="","",C4+63) -> 46314 | I4: =IF(A4="","",C4+70) -> 46321 | J4: =IF(A4="","",Students!F4) -> 46321
A5: =IF(Students!A5="","",Students!A5) -> SAMPLE02 | B5: =IF(A5="","",Students!B5) -> Trần Thị B | C5: =IF(A5="","",Students!E5) -> 46265 | D5: =IF(A5="","",C5+7) -> 46272 | E5: =IF(A5="","",C5+21) -> 46286 | F5: =IF(A5="","",C5+35) -> 46300 | G5: =IF(A5="","",C5+49) -> 46314 | H5: =IF(A5="","",C5+63) -> 46328 | I5: =IF(A5="","",C5+70) -> 46335 | J5: =IF(A5="","",Students!F5) -> 46335
A6: =IF(Students!A6="","",Students!A6) -> SAMPLE03 | B6: =IF(A6="","",Students!B6) -> Lê Văn C | C6: =IF(A6="","",Students!E6) -> 46279 | D6: =IF(A6="","",C6+7) -> 46286 | E6: =IF(A6="","",C6+21) -> 46300 | F6: =IF(A6="","",C6+35) -> 46314 | G6: =IF(A6="","",C6+49) -> 46328 | H6: =IF(A6="","",C6+63) -> 46342 | I6: =IF(A6="","",C6+70) -> 46349 | J6: =IF(A6="","",Students!F6) -> 46349
A7: =IF(Students!A7="","",Students!A7) -> SAMPLE04 | B7: =IF(A7="","",Students!B7) -> Phạm Thị D | C7: =IF(A7="","",Students!E7) -> 46293 | D7: =IF(A7="","",C7+7) -> 46300 | E7: =IF(A7="","",C7+21) -> 46314 | F7: =IF(A7="","",C7+35) -> 46328 | G7: =IF(A7="","",C7+49) -> 46342 | H7: =IF(A7="","",C7+63) -> 46356 | I7: =IF(A7="","",C7+70) -> 46363 | J7: =IF(A7="","",Students!F7) -> 46363
A8: =IF(Students!A8="","",Students!A8) | B8: =IF(A8="","",Students!B8) | C8: =IF(A8="","",Students!E8) | D8: =IF(A8="","",C8+7) | E8: =IF(A8="","",C8+21) | F8: =IF(A8="","",C8+35) | G8: =IF(A8="","",C8+49) | H8: =IF(A8="","",C8+63) | I8: =IF(A8="","",C8+70) | J8: =IF(A8="","",Students!F8)
A9: =IF(Students!A9="","",Students!A9) | B9: =IF(A9="","",Students!B9) | C9: =IF(A9="","",Students!E9) | D9: =IF(A9="","",C9+7) | E9: =IF(A9="","",C9+21) | F9: =IF(A9="","",C9+35) | G9: =IF(A9="","",C9+49) | H9: =IF(A9="","",C9+63) | I9: =IF(A9="","",C9+70) | J9: =IF(A9="","",Students!F9)
A10: =IF(Students!A10="","",Students!A10) | B10: =IF(A10="","",Students!B10) | C10: =IF(A10="","",Students!E10) | D10: =IF(A10="","",C10+7) | E10: =IF(A10="","",C10+21) | F10: =IF(A10="","",C10+35) | G10: =IF(A10="","",C10+49) | H10: =IF(A10="","",C10+63) | I10: =IF(A10="","",C10+70) | J10: =IF(A10="","",Students!F10)
A11: =IF(Students!A11="","",Students!A11) | B11: =IF(A11="","",Students!B11) | C11: =IF(A11="","",Students!E11) | D11: =IF(A11="","",C11+7) | E11: =IF(A11="","",C11+21) | F11: =IF(A11="","",C11+35) | G11: =IF(A11="","",C11+49) | H11: =IF(A11="","",C11+63) | I11: =IF(A11="","",C11+70) | J11: =IF(A11="","",Students!F11)
A12: =IF(Students!A12="","",Students!A12) | B12: =IF(A12="","",Students!B12) | C12: =IF(A12="","",Students!E12) | D12: =IF(A12="","",C12+7) | E12: =IF(A12="","",C12+21) | F12: =IF(A12="","",C12+35) | G12: =IF(A12="","",C12+49) | H12: =IF(A12="","",C12+63) | I12: =IF(A12="","",C12+70) | J12: =IF(A12="","",Students!F12)
A13: =IF(Students!A13="","",Students!A13) | B13: =IF(A13="","",Students!B13) | C13: =IF(A13="","",Students!E13) | D13: =IF(A13="","",C13+7) | E13: =IF(A13="","",C13+21) | F13: =IF(A13="","",C13+35) | G13: =IF(A13="","",C13+49) | H13: =IF(A13="","",C13+63) | I13: =IF(A13="","",C13+70) | J13: =IF(A13="","",Students!F13)
A14: =IF(Students!A14="","",Students!A14) | B14: =IF(A14="","",Students!B14) | C14: =IF(A14="","",Students!E14) | D14: =IF(A14="","",C14+7) | E14: =IF(A14="","",C14+21) | F14: =IF(A14="","",C14+35) | G14: =IF(A14="","",C14+49) | H14: =IF(A14="","",C14+63) | I14: =IF(A14="","",C14+70) | J14: =IF(A14="","",Students!F14)
A15: =IF(Students!A15="","",Students!A15) | B15: =IF(A15="","",Students!B15) | C15: =IF(A15="","",Students!E15) | D15: =IF(A15="","",C15+7) | E15: =IF(A15="","",C15+21) | F15: =IF(A15="","",C15+35) | G15: =IF(A15="","",C15+49) | H15: =IF(A15="","",C15+63) | I15: =IF(A15="","",C15+70) | J15: =IF(A15="","",Students!F15)
... A203: =IF(Students!A203="","",Students!A203) | B203: =IF(A203="","",Students!B203) | C203: =IF(A203="","",Students!E203) | D203: =IF(A203="","",C203+7) | E203: =IF(A203="","",C203+21) | F203: =IF(A203="","",C203+35) | G203: =IF(A203="","",C203+49) | H203: =IF(A203="","",C203+63) | I203: =IF(A203="","",C203+70) | J203: =IF(A203="","",Students!F203)
